[{"model": "admin.logentry", "pk": 1, "fields": {"action_time": "2022-04-10T06:51:57.887Z", "user": 1, "content_type": 9, "object_id": "1", "object_repr": "Class 1", "action_flag": 1, "change_message": "[{\"added\": {}}]"}}, {"model": "admin.logentry", "pk": 2, "fields": {"action_time": "2022-04-17T11:48:05.983Z", "user": 2, "content_type": 14, "object_id": "1", "object_repr": "Assignment 1", "action_flag": 1, "change_message": "[{\"added\": {}}]"}}, {"model": "admin.logentry", "pk": 3, "fields": {"action_time": "2022-04-17T11:48:53.144Z", "user": 2, "content_type": 6, "object_id": "3", "object_repr": "krutik.r@somaiya.edu", "action_flag": 1, "change_message": "[{\"added\": {}}]"}}, {"model": "admin.logentry", "pk": 4, "fields": {"action_time": "2022-04-17T11:49:17.303Z", "user": 2, "content_type": 8, "object_id": "eb02c402-e918-4f09-bf10-94bfb2e01cc5", "object_repr": "krutik.r@somaiya.edu", "action_flag": 1, "change_message": "[{\"added\": {}}]"}}, {"model": "admin.logentry", "pk": 5, "fields": {"action_time": "2022-04-17T11:51:42.074Z", "user": 2, "content_type": 15, "object_id": "1", "object_repr": "StudentWork object (1)", "action_flag": 1, "change_message": "[{\"added\": {}}]"}}, {"model": "admin.logentry", "pk": 6, "fields": {"action_time": "2022-04-17T12:00:08.546Z", "user": 2, "content_type": 13, "object_id": "1", "object_repr": "classStudents object (1)", "action_flag": 1, "change_message": "[{\"added\": {}}]"}}, {"model": "admin.logentry", "pk": 7, "fields": {"action_time": "2022-04-17T12:00:35.456Z", "user": 2, "content_type": 6, "object_id": "4", "object_repr": "teacher1@mail.com", "action_flag": 1, "change_message": "[{\"added\": {}}]"}}, {"model": "admin.logentry", "pk": 8, "fields": {"action_time": "2022-04-17T12:00:49.466Z", "user": 2, "content_type": 7, "object_id": "aec74eb1-a48f-4ed1-86b0-d540c8074695", "object_repr": "Teacher 1", "action_flag": 1, "change_message": "[{\"added\": {}}]"}}, {"model": "admin.logentry", "pk": 9, "fields": {"action_time": "2022-04-17T12:01:02.198Z", "user": 2, "content_type": 11, "object_id": "1", "object_repr": "classTeachers object (1)", "action_flag": 1, "change_message": "[{\"added\": {}}]"}}, {"model": "admin.logentry", "pk": 10, "fields": {"action_time": "2022-04-17T12:01:24.520Z", "user": 2, "content_type": 6, "object_id": "5", "object_repr": "teacher2@mail.com", "action_flag": 1, "change_message": "[{\"added\": {}}]"}}, {"model": "admin.logentry", "pk": 11, "fields": {"action_time": "2022-04-17T12:01:36.403Z", "user": 2, "content_type": 7, "object_id": "e547b510-a3cc-47ef-ac89-759944c491d7", "object_repr": "Teacher 2", "action_flag": 1, "change_message": "[{\"added\": {}}]"}}, {"model": "admin.logentry", "pk": 12, "fields": {"action_time": "2022-04-17T12:01:59.689Z", "user": 2, "content_type": 11, "object_id": "2", "object_repr": "classTeachers object (2)", "action_flag": 1, "change_message": "[{\"added\": {}}]"}}, {"model": "admin.logentry", "pk": 13, "fields": {"action_time": "2022-04-17T12:02:43.749Z", "user": 2, "content_type": 6, "object_id": "6", "object_repr": "burhan@mail.com", "action_flag": 1, "change_message": "[{\"added\": {}}]"}}, {"model": "admin.logentry", "pk": 14, "fields": {"action_time": "2022-04-17T12:03:09.541Z", "user": 2, "content_type": 6, "object_id": "7", "object_repr": "urvik@mail.com", "action_flag": 1, "change_message": "[{\"added\": {}}]"}}, {"model": "admin.logentry", "pk": 15, "fields": {"action_time": "2022-04-17T12:03:27.600Z", "user": 2, "content_type": 6, "object_id": "8", "object_repr": "saniya@mail.com", "action_flag": 1, "change_message": "[{\"added\": {}}]"}}, {"model": "admin.logentry", "pk": 16, "fields": {"action_time": "2022-04-17T12:03:50.795Z", "user": 2, "content_type": 8, "object_id": "2d5a7c79-634f-4fc2-9ecf-92afee7b56d9", "object_repr": "burhan@mail.com", "action_flag": 1, "change_message": "[{\"added\": {}}]"}}, {"model": "admin.logentry", "pk": 17, "fields": {"action_time": "2022-04-17T12:03:57.629Z", "user": 2, "content_type": 8, "object_id": "542e97be-5921-4123-a441-90c712e42513", "object_repr": "urvik@mail.com", "action_flag": 1, "change_message": "[{\"added\": {}}]"}}, {"model": "admin.logentry", "pk": 18, "fields": {"action_time": "2022-04-17T12:04:04.945Z", "user": 2, "content_type": 8, "object_id": "7aa64191-17d6-4149-8112-8f1e9804d56f", "object_repr": "saniya@mail.com", "action_flag": 1, "change_message": "[{\"added\": {}}]"}}, {"model": "admin.logentry", "pk": 19, "fields": {"action_time": "2022-04-17T12:04:26.462Z", "user": 2, "content_type": 13, "object_id": "2", "object_repr": "classStudents object (2)", "action_flag": 1, "change_message": "[{\"added\": {}}]"}}, {"model": "admin.logentry", "pk": 20, "fields": {"action_time": "2022-04-17T12:04:33.019Z", "user": 2, "content_type": 13, "object_id": "3", "object_repr": "classStudents object (3)", "action_flag": 1, "change_message": "[{\"added\": {}}]"}}, {"model": "admin.logentry", "pk": 21, "fields": {"action_time": "2022-04-17T12:04:42.781Z", "user": 2, "content_type": 13, "object_id": "4", "object_repr": "classStudents object (4)", "action_flag": 1, "change_message": "[{\"added\": {}}]"}}, {"model": "admin.logentry", "pk": 22, "fields": {"action_time": "2022-04-17T12:05:12.804Z", "user": 2, "content_type": 12, "object_id": "1", "object_repr": "classStream object (1)", "action_flag": 1, "change_message": "[{\"added\": {}}]"}}, {"model": "admin.logentry", "pk": 23, "fields": {"action_time": "2022-04-17T12:05:41.519Z", "user": 2, "content_type": 12, "object_id": "2", "object_repr": "classStream object (2)", "action_flag": 1, "change_message": "[{\"added\": {}}]"}}, {"model": "admin.logentry", "pk": 24, "fields": {"action_time": "2022-04-17T12:06:33.903Z", "user": 2, "content_type": 10, "object_id": "1", "object_repr": "streamComment object (1)", "action_flag": 1, "change_message": "[{\"added\": {}}]"}}, {"model": "admin.logentry", "pk": 25, "fields": {"action_time": "2022-04-17T12:06:47.058Z", "user": 2, "content_type": 10, "object_id": "2", "object_repr": "streamComment object (2)", "action_flag": 1, "change_message": "[{\"added\": {}}]"}}, {"model": "admin.logentry", "pk": 26, "fields": {"action_time": "2022-04-17T12:07:01.246Z", "user": 2, "content_type": 10, "object_id": "3", "object_repr": "streamComment object (3)", "action_flag": 1, "change_message": "[{\"added\": {}}]"}}, {"model": "admin.logentry", "pk": 27, "fields": {"action_time": "2022-04-17T12:20:43.415Z", "user": 2, "content_type": 12, "object_id": "3", "object_repr": "classStream object (3)", "action_flag": 1, "change_message": "[{\"added\": {}}]"}}, {"model": "admin.logentry", "pk": 28, "fields": {"action_time": "2022-04-17T13:23:37.564Z", "user": 2, "content_type": 9, "object_id": "2", "object_repr": "Class 2", "action_flag": 1, "change_message": "[{\"added\": {}}]"}}, {"model": "admin.logentry", "pk": 29, "fields": {"action_time": "2022-04-17T13:34:36.423Z", "user": 2, "content_type": 9, "object_id": "4", "object_repr": "Class 3", "action_flag": 3, "change_message": ""}}, {"model": "admin.logentry", "pk": 30, "fields": {"action_time": "2022-04-17T13:34:36.532Z", "user": 2, "content_type": 9, "object_id": "3", "object_repr": "Class 3", "action_flag": 3, "change_message": ""}}, {"model": "admin.logentry", "pk": 31, "fields": {"action_time": "2022-04-17T13:37:01.595Z", "user": 2, "content_type": 9, "object_id": "5", "object_repr": "Class 3", "action_flag": 3, "change_message": ""}}, {"model": "admin.logentry", "pk": 32, "fields": {"action_time": "2022-04-17T13:38:22.935Z", "user": 2, "content_type": 9, "object_id": "6", "object_repr": "Class 3", "action_flag": 3, "change_message": ""}}, {"model": "admin.logentry", "pk": 33, "fields": {"action_time": "2022-04-17T13:40:06.321Z", "user": 2, "content_type": 9, "object_id": "7", "object_repr": "Class 3", "action_flag": 3, "change_message": ""}}, {"model": "admin.logentry", "pk": 34, "fields": {"action_time": "2022-04-18T09:11:22.433Z", "user": 2, "content_type": 13, "object_id": "5", "object_repr": "classStudents object (5)", "action_flag": 1, "change_message": "[{\"added\": {}}]"}}, {"model": "admin.logentry", "pk": 35, "fields": {"action_time": "2022-04-18T09:11:30.644Z", "user": 2, "content_type": 13, "object_id": "6", "object_repr": "classStudents object (6)", "action_flag": 1, "change_message": "[{\"added\": {}}]"}}, {"model": "admin.logentry", "pk": 36, "fields": {"action_time": "2022-04-18T09:35:38.736Z", "user": 2, "content_type": 13, "object_id": "7", "object_repr": "classStudents object (7)", "action_flag": 1, "change_message": "[{\"added\": {}}]"}}, {"model": "admin.logentry", "pk": 37, "fields": {"action_time": "2022-04-18T09:35:53.265Z", "user": 2, "content_type": 13, "object_id": "8", "object_repr": "classStudents object (8)", "action_flag": 1, "change_message": "[{\"added\": {}}]"}}, {"model": "admin.logentry", "pk": 38, "fields": {"action_time": "2022-04-18T09:40:15.440Z", "user": 2, "content_type": 12, "object_id": "4", "object_repr": "classStream object (4)", "action_flag": 1, "change_message": "[{\"added\": {}}]"}}, {"model": "admin.logentry", "pk": 39, "fields": {"action_time": "2022-04-19T11:08:32.334Z", "user": 2, "content_type": 13, "object_id": "9", "object_repr": "classStudents object (9)", "action_flag": 1, "change_message": "[{\"added\": {}}]"}}, {"model": "admin.logentry", "pk": 40, "fields": {"action_time": "2022-04-19T11:32:38.262Z", "user": 2, "content_type": 13, "object_id": "10", "object_repr": "classStudents object (10)", "action_flag": 1, "change_message": "[{\"added\": {}}]"}}, {"model": "admin.logentry", "pk": 41, "fields": {"action_time": "2022-04-19T11:32:46.705Z", "user": 2, "content_type": 13, "object_id": "11", "object_repr": "classStudents object (11)", "action_flag": 1, "change_message": "[{\"added\": {}}]"}}, {"model": "admin.logentry", "pk": 42, "fields": {"action_time": "2022-04-19T11:33:01.398Z", "user": 2, "content_type": 13, "object_id": "12", "object_repr": "classStudents object (12)", "action_flag": 1, "change_message": "[{\"added\": {}}]"}}, {"model": "admin.logentry", "pk": 43, "fields": {"action_time": "2022-04-19T11:33:17.712Z", "user": 2, "content_type": 11, "object_id": "3", "object_repr": "classTeachers object (3)", "action_flag": 1, "change_message": "[{\"added\": {}}]"}}, {"model": "admin.logentry", "pk": 44, "fields": {"action_time": "2022-04-19T11:33:24.931Z", "user": 2, "content_type": 11, "object_id": "4", "object_repr": "classTeachers object (4)", "action_flag": 1, "change_message": "[{\"added\": {}}]"}}, {"model": "admin.logentry", "pk": 45, "fields": {"action_time": "2022-04-19T11:33:32.575Z", "user": 2, "content_type": 11, "object_id": "5", "object_repr": "classTeachers object (5)", "action_flag": 1, "change_message": "[{\"added\": {}}]"}}, {"model": "admin.logentry", "pk": 46, "fields": {"action_time": "2022-04-20T06:14:09.882Z", "user": 2, "content_type": 9, "object_id": "15", "object_repr": "Object Oriented Software Engineering", "action_flag": 3, "change_message": ""}}, {"model": "admin.logentry", "pk": 47, "fields": {"action_time": "2022-04-20T06:14:10.172Z", "user": 2, "content_type": 9, "object_id": "14", "object_repr": "class 10", "action_flag": 3, "change_message": ""}}, {"model": "admin.logentry", "pk": 48, "fields": {"action_time": "2022-04-20T06:14:10.354Z", "user": 2, "content_type": 9, "object_id": "13", "object_repr": "class 8", "action_flag": 3, "change_message": ""}}, {"model": "admin.logentry", "pk": 49, "fields": {"action_time": "2022-04-20T06:14:10.485Z", "user": 2, "content_type": 9, "object_id": "12", "object_repr": "class 7", "action_flag": 3, "change_message": ""}}, {"model": "admin.logentry", "pk": 50, "fields": {"action_time": "2022-04-20T06:14:10.638Z", "user": 2, "content_type": 9, "object_id": "11", "object_repr": "Class 6", "action_flag": 3, "change_message": ""}}, {"model": "admin.logentry", "pk": 51, "fields": {"action_time": "2022-04-20T06:14:10.775Z", "user": 2, "content_type": 9, "object_id": "10", "object_repr": "Class 5", "action_flag": 3, "change_message": ""}}, {"model": "admin.logentry", "pk": 52, "fields": {"action_time": "2022-04-20T06:16:03.572Z", "user": 2, "content_type": 9, "object_id": "16", "object_repr": "Object Oriented Software Engineering", "action_flag": 3, "change_message": ""}}, {"model": "admin.logentry", "pk": 53, "fields": {"action_time": "2022-04-20T06:33:41.216Z", "user": 2, "content_type": 14, "object_id": "2", "object_repr": "Assignment 2", "action_flag": 1, "change_message": "[{\"added\": {}}]"}}, {"model": "auth.permission", "pk": 1, "fields": {"name": "Can add log entry", "content_type": 1, "codename": "add_logentry"}}, {"model": "auth.permission", "pk": 2, "fields": {"name": "Can change log entry", "content_type": 1, "codename": "change_logentry"}}, {"model": "auth.permission", "pk": 3, "fields": {"name": "Can delete log entry", "content_type": 1, "codename": "delete_logentry"}}, {"model": "auth.permission", "pk": 4, "fields": {"name": "Can view log entry", "content_type": 1, "codename": "view_logentry"}}, {"model": "auth.permission", "pk": 5, "fields": {"name": "Can add permission", "content_type": 2, "codename": "add_permission"}}, {"model": "auth.permission", "pk": 6, "fields": {"name": "Can change permission", "content_type": 2, "codename": "change_permission"}}, {"model": "auth.permission", "pk": 7, "fields": {"name": "Can delete permission", "content_type": 2, "codename": "delete_permission"}}, {"model": "auth.permission", "pk": 8, "fields": {"name": "Can view permission", "content_type": 2, "codename": "view_permission"}}, {"model": "auth.permission", "pk": 9, "fields": {"name": "Can add group", "content_type": 3, "codename": "add_group"}}, {"model": "auth.permission", "pk": 10, "fields": {"name": "Can change group", "content_type": 3, "codename": "change_group"}}, {"model": "auth.permission", "pk": 11, "fields": {"name": "Can delete group", "content_type": 3, "codename": "delete_group"}}, {"model": "auth.permission", "pk": 12, "fields": {"name": "Can view group", "content_type": 3, "codename": "view_group"}}, {"model": "auth.permission", "pk": 13, "fields": {"name": "Can add content type", "content_type": 4, "codename": "add_contenttype"}}, {"model": "auth.permission", "pk": 14, "fields": {"name": "Can change content type", "content_type": 4, "codename": "change_contenttype"}}, {"model": "auth.permission", "pk": 15, "fields": {"name": "Can delete content type", "content_type": 4, "codename": "delete_contenttype"}}, {"model": "auth.permission", "pk": 16, "fields": {"name": "Can view content type", "content_type": 4, "codename": "view_contenttype"}}, {"model": "auth.permission", "pk": 17, "fields": {"name": "Can add session", "content_type": 5, "codename": "add_session"}}, {"model": "auth.permission", "pk": 18, "fields": {"name": "Can change session", "content_type": 5, "codename": "change_session"}}, {"model": "auth.permission", "pk": 19, "fields": {"name": "Can delete session", "content_type": 5, "codename": "delete_session"}}, {"model": "auth.permission", "pk": 20, "fields": {"name": "Can view session", "content_type": 5, "codename": "view_session"}}, {"model": "auth.permission", "pk": 21, "fields": {"name": "Can add user", "content_type": 6, "codename": "add_user"}}, {"model": "auth.permission", "pk": 22, "fields": {"name": "Can change user", "content_type": 6, "codename": "change_user"}}, {"model": "auth.permission", "pk": 23, "fields": {"name": "Can delete user", "content_type": 6, "codename": "delete_user"}}, {"model": "auth.permission", "pk": 24, "fields": {"name": "Can view user", "content_type": 6, "codename": "view_user"}}, {"model": "auth.permission", "pk": 25, "fields": {"name": "Can add teacher", "content_type": 7, "codename": "add_teacher"}}, {"model": "auth.permission", "pk": 26, "fields": {"name": "Can change teacher", "content_type": 7, "codename": "change_teacher"}}, {"model": "auth.permission", "pk": 27, "fields": {"name": "Can delete teacher", "content_type": 7, "codename": "delete_teacher"}}, {"model": "auth.permission", "pk": 28, "fields": {"name": "Can view teacher", "content_type": 7, "codename": "view_teacher"}}, {"model": "auth.permission", "pk": 29, "fields": {"name": "Can add student", "content_type": 8, "codename": "add_student"}}, {"model": "auth.permission", "pk": 30, "fields": {"name": "Can change student", "content_type": 8, "codename": "change_student"}}, {"model": "auth.permission", "pk": 31, "fields": {"name": "Can delete student", "content_type": 8, "codename": "delete_student"}}, {"model": "auth.permission", "pk": 32, "fields": {"name": "Can view student", "content_type": 8, "codename": "view_student"}}, {"model": "auth.permission", "pk": 33, "fields": {"name": "Can add classroom", "content_type": 9, "codename": "add_classroom"}}, {"model": "auth.permission", "pk": 34, "fields": {"name": "Can change classroom", "content_type": 9, "codename": "change_classroom"}}, {"model": "auth.permission", "pk": 35, "fields": {"name": "Can delete classroom", "content_type": 9, "codename": "delete_classroom"}}, {"model": "auth.permission", "pk": 36, "fields": {"name": "Can view classroom", "content_type": 9, "codename": "view_classroom"}}, {"model": "auth.permission", "pk": 37, "fields": {"name": "Can add stream comment", "content_type": 10, "codename": "add_streamcomment"}}, {"model": "auth.permission", "pk": 38, "fields": {"name": "Can change stream comment", "content_type": 10, "codename": "change_streamcomment"}}, {"model": "auth.permission", "pk": 39, "fields": {"name": "Can delete stream comment", "content_type": 10, "codename": "delete_streamcomment"}}, {"model": "auth.permission", "pk": 40, "fields": {"name": "Can view stream comment", "content_type": 10, "codename": "view_streamcomment"}}, {"model": "auth.permission", "pk": 41, "fields": {"name": "Can add class teachers", "content_type": 11, "codename": "add_classteachers"}}, {"model": "auth.permission", "pk": 42, "fields": {"name": "Can change class teachers", "content_type": 11, "codename": "change_classteachers"}}, {"model": "auth.permission", "pk": 43, "fields": {"name": "Can delete class teachers", "content_type": 11, "codename": "delete_classteachers"}}, {"model": "auth.permission", "pk": 44, "fields": {"name": "Can view class teachers", "content_type": 11, "codename": "view_classteachers"}}, {"model": "auth.permission", "pk": 45, "fields": {"name": "Can add class stream", "content_type": 12, "codename": "add_classstream"}}, {"model": "auth.permission", "pk": 46, "fields": {"name": "Can change class stream", "content_type": 12, "codename": "change_classstream"}}, {"model": "auth.permission", "pk": 47, "fields": {"name": "Can delete class stream", "content_type": 12, "codename": "delete_classstream"}}, {"model": "auth.permission", "pk": 48, "fields": {"name": "Can view class stream", "content_type": 12, "codename": "view_classstream"}}, {"model": "auth.permission", "pk": 49, "fields": {"name": "Can add class students", "content_type": 13, "codename": "add_classstudents"}}, {"model": "auth.permission", "pk": 50, "fields": {"name": "Can change class students", "content_type": 13, "codename": "change_classstudents"}}, {"model": "auth.permission", "pk": 51, "fields": {"name": "Can delete class students", "content_type": 13, "codename": "delete_classstudents"}}, {"model": "auth.permission", "pk": 52, "fields": {"name": "Can view class students", "content_type": 13, "codename": "view_classstudents"}}, {"model": "auth.permission", "pk": 53, "fields": {"name": "Can add assignment", "content_type": 14, "codename": "add_assignment"}}, {"model": "auth.permission", "pk": 54, "fields": {"name": "Can change assignment", "content_type": 14, "codename": "change_assignment"}}, {"model": "auth.permission", "pk": 55, "fields": {"name": "Can delete assignment", "content_type": 14, "codename": "delete_assignment"}}, {"model": "auth.permission", "pk": 56, "fields": {"name": "Can view assignment", "content_type": 14, "codename": "view_assignment"}}, {"model": "auth.permission", "pk": 57, "fields": {"name": "Can add student work", "content_type": 15, "codename": "add_studentwork"}}, {"model": "auth.permission", "pk": 58, "fields": {"name": "Can change student work", "content_type": 15, "codename": "change_studentwork"}}, {"model": "auth.permission", "pk": 59, "fields": {"name": "Can delete student work", "content_type": 15, "codename": "delete_studentwork"}}, {"model": "auth.permission", "pk": 60, "fields": {"name": "Can view student work", "content_type": 15, "codename": "view_studentwork"}}, {"model": "contenttypes.contenttype", "pk": 1, "fields": {"app_label": "admin", "model": "logentry"}}, {"model": "contenttypes.contenttype", "pk": 2, "fields": {"app_label": "auth", "model": "permission"}}, {"model": "contenttypes.contenttype", "pk": 3, "fields": {"app_label": "auth", "model": "group"}}, {"model": "contenttypes.contenttype", "pk": 4, "fields": {"app_label": "contenttypes", "model": "contenttype"}}, {"model": "contenttypes.contenttype", "pk": 5, "fields": {"app_label": "sessions", "model": "session"}}, {"model": "contenttypes.contenttype", "pk": 6, "fields": {"app_label": "user", "model": "user"}}, {"model": "contenttypes.contenttype", "pk": 7, "fields": {"app_label": "user", "model": "teacher"}}, {"model": "contenttypes.contenttype", "pk": 8, "fields": {"app_label": "user", "model": "student"}}, {"model": "contenttypes.contenttype", "pk": 9, "fields": {"app_label": "classroom", "model": "classroom"}}, {"model": "contenttypes.contenttype", "pk": 10, "fields": {"app_label": "classroom", "model": "streamcomment"}}, {"model": "contenttypes.contenttype", "pk": 11, "fields": {"app_label": "classroom", "model": "classteachers"}}, {"model": "contenttypes.contenttype", "pk": 12, "fields": {"app_label": "classroom", "model": "classstream"}}, {"model": "contenttypes.contenttype", "pk": 13, "fields": {"app_label": "classroom", "model": "classstudents"}}, {"model": "contenttypes.contenttype", "pk": 14, "fields": {"app_label": "classroom", "model": "assignment"}}, {"model": "contenttypes.contenttype", "pk": 15, "fields": {"app_label": "classroom", "model": "studentwork"}}, {"model": "sessions.session", "pk": "01xse2hva9owadr647904tsx614f4w5j", "fields": {"session_data": ".eJxVjEEOwiAQRe_C2pAChYJL956BDDODVA0kpV0Z765NutDtf-_9l4iwrSVunZc4kzgLLU6_WwJ8cN0B3aHemsRW12VOclfkQbu8NuLn5XD_Dgr08q2D9wld9jTwqFV2aAhDABeUzzCChqzIsmMkNkrjxNlMeUAK1iZwpMT7AwSYOQI:1ng3Ch:OIL8-uk16eQtBa6Y_nrrP-fmTnLnvBwkwQFLHUk65TU", "expire_date": "2022-05-01T11:36:31.007Z"}}, {"model": "sessions.session", "pk": "0ccybdub45xqfo1qc4o9ijb0zop6fybh", "fields": {"session_data": ".eJxVjMsOwiAQRf-FtSHDG1y69xsIDINUDU1KuzL-uzbpQrf3nHNfLKZtbXEbtMSpsDMTwE6_Y074oL6Tck_9NnOc-7pMme8KP-jg17nQ83K4fwctjfatSWXttLXZA2ZpqyUTqsOKoCpZKKAKoE-CQvEuJFBOSDTSZB-clqjY-wMObzfa:1ngRYo:v--fO9AHU3ZWuGkr2RZ3ruslEjywduNEJ5nj4xGW95Q", "expire_date": "2022-05-02T13:36:58.347Z"}}, {"model": "sessions.session", "pk": "2r2fqkrp9qb4q12uxl5s72y29ad17sv1", "fields": {"session_data": ".eJxVjDsOwjAUBO_iGln-JLFNSc8ZrGfvMw4gR8qnQtwdIqWAdmdmXyLStta4LTzHEeIstDj9bonyg9sOcKd2m2Se2jqPSe6KPOgirxP4eTncv4NKS_3WnIsynfEYss8OqfBgWTGs77VzfUCHTL01niwFBJSiEpQnBaULYMT7AwV4OPA:1ndPdk:SEkwzEcGhELaWfi8xgiKfv2YQcFu1igEYO4Gr8IdFCc", "expire_date": "2022-04-24T04:57:32.562Z"}}, {"model": "sessions.session", "pk": "cvxw41xmcwo8sdmm1dwmci08l1h72h9l", "fields": {"session_data": ".eJxVjMsOwiAQRf-FtSFQhkdduvcbCAODVA0kpV0Z_11JutDtPefcF_Nh34rfO61-SezMpGSn3xFDfFAdJN1DvTUeW93WBflQ-EE7v7ZEz8vh_h2U0Mu3ji5nSLM11upMgG4CEfVMBAkmq0CorA2CkTILdEIOD7NCqzRZwMDeH_qVN4c:1ngNc3:SSP7gD6lOjirAQUdDjaDFljSN0F1bZWO8E1Zgb463uY", "expire_date": "2022-05-02T09:24:03.491Z"}}, {"model": "sessions.session", "pk": "e6mxwur0a9ph579kbo9sd3e60f6k7pab", "fields": {"session_data": ".eJxVjEEOwiAQRe_C2pAChYJL956BDDODVA0kpV0Z765NutDtf-_9l4iwrSVunZc4kzgLLU6_WwJ8cN0B3aHemsRW12VOclfkQbu8NuLn5XD_Dgr08q2D9wld9jTwqFV2aAhDABeUzzCChqzIsmMkNkrjxNlMeUAK1iZwpMT7AwSYOQI:1ngo4Z:Pt6Mmm9toDhRuI5qiOv4EZ8B6KRHIQS38H3syqyoTSc", "expire_date": "2022-05-03T13:39:15.889Z"}}, {"model": "sessions.session", "pk": "lap528diby36iprw4zoj8l3he8bb5rc3", "fields": {"session_data": ".eJxVjDsOwjAQBe_iGln-rW0o6XMGa51d4wBypDipEHeHSCmgfTPzXiLhtta0dV7SROIitBGn3zHj-OC2E7pju81ynNu6TFnuijxol8NM_Lwe7t9BxV6_NQbjqWAOyhUbEWPRhhnIOh9Ak_WqREuAZ4_grEGTSwBgthoURWTx_gAQHjgv:1ngl7n:1txsZmXBHn8HNJ2Mn4Dgmdj7vOMDq_J79n0F7Obi4uQ", "expire_date": "2022-05-03T10:30:23.424Z"}}, {"model": "sessions.session", "pk": "q6l066ytrw481e80jlp6crny421i9le7", "fields": {"session_data": ".eJxVjMsOwiAQRf-FtSHDG1y69xsIDINUDU1KuzL-uzbpQrf3nHNfLKZtbXEbtMSpsDMTwE6_Y074oL6Tck_9NnOc-7pMme8KP-jg17nQ83K4fwctjfatSWXttLXZA2ZpqyUTqsOKoCpZKKAKoE-CQvEuJFBOSDTSZB-clqjY-wMObzfa:1ngNgX:8bdbSErxRKSD90SUY5DG2i1Kl0SjFIIplqux974u5r0", "expire_date": "2022-05-02T09:28:41.000Z"}}, {"model": "sessions.session", "pk": "v3qa3ccktxp2fu33vy02kzauagh79hfe", "fields": {"session_data": ".eJxVjMEOgjAQRP-lZ9NAt1taj975BrLbbS1qIKFwMv67kHDQZE7z3sxbDbStZdhqWoZR1FW1oC6_JVN8pukg8qDpPus4T-sysj4UfdKq-1nS63a6fweFatnXloAFhTgHBtMEbPc0kFDQG4SuQ5Na7wJZg2iD42BzcCYKZmB0Xn2-7Ik2_A:1nh2cE:g8Sz6XwaXLRxs2UXy5AjxPZWGWB4mowkpgGOsMxRUHo", "expire_date": "2022-05-04T05:10:58.038Z"}}, {"model": "user.user", "pk": 1, "fields": {"last_login": "2022-04-10T04:57:32.441Z", "is_superuser": true, "username": null, "email": "krutikr@mail.com", "password": "pbkdf2_sha256$320000$RnWzBDejgfUlKCX7xR24Dm$9dHF1gQEdRi5fUHIaUsdtBG7DkxWmy4RGHqX0Xhz7Po=", "confirm_password": "", "is_student": false, "is_teacher": false, "is_staff": true, "is_active": true, "groups": [], "user_permissions": []}}, {"model": "user.user", "pk": 2, "fields": {"last_login": "2022-04-19T13:39:15.744Z", "is_superuser": true, "username": null, "email": "krutik.r@mail.com", "password": "pbkdf2_sha256$320000$ffhGOI5qefoVV3LDqMdHXm$g/IHFHOzB7P2A7+5rw3u724bgFOnl++YA0qlfText7U=", "confirm_password": "", "is_student": false, "is_teacher": false, "is_staff": true, "is_active": true, "groups": [], "user_permissions": []}}, {"model": "user.user", "pk": 3, "fields": {"last_login": "2022-04-17T11:48:34Z", "is_superuser": false, "username": null, "email": "krutik.r@somaiya.edu", "password": "123456Hello", "confirm_password": "123456Hello", "is_student": true, "is_teacher": false, "is_staff": false, "is_active": true, "groups": [], "user_permissions": []}}, {"model": "user.user", "pk": 4, "fields": {"last_login": null, "is_superuser": false, "username": null, "email": "teacher1@mail.com", "password": "159753", "confirm_password": "159753", "is_student": false, "is_teacher": true, "is_staff": false, "is_active": true, "groups": [], "user_permissions": []}}, {"model": "user.user", "pk": 5, "fields": {"last_login": null, "is_superuser": false, "username": null, "email": "teacher2@mail.com", "password": "159753", "confirm_password": "159753", "is_student": false, "is_teacher": true, "is_staff": false, "is_active": true, "groups": [], "user_permissions": []}}, {"model": "user.user", "pk": 6, "fields": {"last_login": null, "is_superuser": false, "username": null, "email": "burhan@mail.com", "password": "123456Hello", "confirm_password": "123456Hello", "is_student": true, "is_teacher": false, "is_staff": false, "is_active": true, "groups": [], "user_permissions": []}}, {"model": "user.user", "pk": 7, "fields": {"last_login": null, "is_superuser": false, "username": null, "email": "urvik@mail.com", "password": "123456Hello", "confirm_password": "123456Hello", "is_student": true, "is_teacher": false, "is_staff": false, "is_active": true, "groups": [], "user_permissions": []}}, {"model": "user.user", "pk": 8, "fields": {"last_login": null, "is_superuser": false, "username": null, "email": "saniya@mail.com", "password": "123456Hello", "confirm_password": "123456Hello", "is_student": true, "is_teacher": false, "is_staff": false, "is_active": true, "groups": [], "user_permissions": []}}, {"model": "user.user", "pk": 9, "fields": {"last_login": null, "is_superuser": false, "username": null, "email": "student2@mail.com", "password": "pbkdf2_sha256$320000$kxoBzid6o0e7L9NQnC4U2J$0Xb5y5sRXmmIiY2JB5wCPOspwwV+fgweq++R71KMX7A=", "confirm_password": "", "is_student": true, "is_teacher": false, "is_staff": false, "is_active": true, "groups": [], "user_permissions": []}}, {"model": "user.user", "pk": 10, "fields": {"last_login": "2022-04-20T03:19:52.307Z", "is_superuser": false, "username": null, "email": "student3@mail.com", "password": "pbkdf2_sha256$320000$zggLQdTEBdMQBT5FD4iEuY$IoAprjqDVFfhvL4uH4hPjmizhlLOI5QC/1DvlUWhudg=", "confirm_password": "", "is_student": true, "is_teacher": false, "is_staff": false, "is_active": true, "groups": [], "user_permissions": []}}, {"model": "user.user", "pk": 11, "fields": {"last_login": "2022-04-18T09:24:03.272Z", "is_superuser": false, "username": null, "email": "student4@mail.com", "password": "pbkdf2_sha256$320000$JeHiLik1AvKW6PBBcXa9r2$tRRcwclDiiyHaAvwHWjF6VWZOayHCH4FWD8oO0a3jfo=", "confirm_password": "", "is_student": true, "is_teacher": false, "is_staff": false, "is_active": true, "groups": [], "user_permissions": []}}, {"model": "user.user", "pk": 12, "fields": {"last_login": "2022-04-19T18:00:27.763Z", "is_superuser": false, "username": null, "email": "student5@mail.com", "password": "pbkdf2_sha256$320000$4L8BzRm8HLU9iZ5Wj4Fvie$iNC+Hq3EN/mMJv7pqoXrZMFwos7FxGiH8bcCWn6LZKI=", "confirm_password": "", "is_student": true, "is_teacher": false, "is_staff": false, "is_active": true, "groups": [], "user_permissions": []}}, {"model": "user.user", "pk": 13, "fields": {"last_login": "2022-04-20T05:10:57.905Z", "is_superuser": false, "username": null, "email": "teacher3@mail.com", "password": "pbkdf2_sha256$320000$gzRDIB0qUFVhs2TRNpfb53$IHfZBI1PTAefhwSggzA8myaFcuskTadZlP+f7ze1soM=", "confirm_password": "", "is_student": false, "is_teacher": true, "is_staff": false, "is_active": true, "groups": [], "user_permissions": []}}, {"model": "user.teacher", "pk": "28e5314c-20d0-4d05-bf6f-92d90cd20787", "fields": {"user": 13, "image": "", "name": "Teacher 3", "phone": null}}, {"model": "user.teacher", "pk": "aec74eb1-a48f-4ed1-86b0-d540c8074695", "fields": {"user": 4, "image": "", "name": "Teacher 1", "phone": null}}, {"model": "user.teacher", "pk": "e547b510-a3cc-47ef-ac89-759944c491d7", "fields": {"user": 5, "image": "", "name": "Teacher 2", "phone": null}}, {"model": "user.student", "pk": "2d5a7c79-634f-4fc2-9ecf-92afee7b56d9", "fields": {"user": 6, "name": "Burhan", "photo": "", "phone": null}}, {"model": "user.student", "pk": "542e97be-5921-4123-a441-90c712e42513", "fields": {"user": 7, "name": "Urvik", "photo": "", "phone": null}}, {"model": "user.student", "pk": "63e25532-09ce-4a6a-86d2-4bccb2249eb5", "fields": {"user": 11, "name": "Student 4", "photo": "", "phone": null}}, {"model": "user.student", "pk": "7aa64191-17d6-4149-8112-8f1e9804d56f", "fields": {"user": 8, "name": "Saniya", "photo": "", "phone": null}}, {"model": "user.student", "pk": "e12e317b-0a46-4b19-9d7a-c2548852bec2", "fields": {"user": 12, "name": "student 5", "photo": "", "phone": null}}, {"model": "user.student", "pk": "e4acea7f-92e4-417f-90bf-4dd97286169c", "fields": {"user": 10, "name": "Student 3", "photo": "", "phone": null}}, {"model": "user.student", "pk": "eb02c402-e918-4f09-bf10-94bfb2e01cc5", "fields": {"user": 3, "name": "Krutik Rambhia", "photo": "student/picture1.jpg", "phone": null}}, {"model": "classroom.classroom", "pk": 1, "fields": {"className": "Class 1", "classSection": "A", "classDescription": "This is class 1 created by admin.", "classCode": "x2g65h", "lecturesConducted": 0, "assignmentsPosted": 0, "studentCount": 0, "teacherCount": 1}}, {"model": "classroom.classroom", "pk": 2, "fields": {"className": "Class 2", "classSection": "B", "classDescription": "This is also a demo class", "classCode": "ID9YJZ", "lecturesConducted": 0, "assignmentsPosted": 0, "studentCount": 0, "teacherCount": 1}}, {"model": "classroom.classroom", "pk": 8, "fields": {"className": "Class 3", "classSection": "C", "classDescription": "This is a test class from form", "classCode": "N5R8ZQ", "lecturesConducted": 0, "assignmentsPosted": 0, "studentCount": 0, "teacherCount": 1}}, {"model": "classroom.classroom", "pk": 9, "fields": {"className": "Class 4", "classSection": "D", "classDescription": "Test Class using frontend.", "classCode": "WRMOSX", "lecturesConducted": 0, "assignmentsPosted": 0, "studentCount": 0, "teacherCount": 1}}, {"model": "classroom.classroom", "pk": 17, "fields": {"className": "Object Oriented Software Engineering", "classSection": "A", "classDescription": "Test Class", "classCode": "5H6FOC", "lecturesConducted": 0, "assignmentsPosted": 0, "studentCount": 0, "teacherCount": 1}}, {"model": "classroom.classroom", "pk": 18, "fields": {"className": "Object Oriented Software Engineering Practical", "classSection": "A", "classDescription": "Test Class", "classCode": "JLRG04", "lecturesConducted": 0, "assignmentsPosted": 0, "studentCount": 0, "teacherCount": 1}}, {"model": "classroom.classstudents", "pk": 1, "fields": {"classroom": 1, "student": "eb02c402-e918-4f09-bf10-94bfb2e01cc5", "classesAttended": 0, "assignmentSubmitted": 0}}, {"model": "classroom.classstudents", "pk": 2, "fields": {"classroom": 1, "student": "2d5a7c79-634f-4fc2-9ecf-92afee7b56d9", "classesAttended": 0, "assignmentSubmitted": 0}}, {"model": "classroom.classstudents", "pk": 3, "fields": {"classroom": 1, "student": "7aa64191-17d6-4149-8112-8f1e9804d56f", "classesAttended": 0, "assignmentSubmitted": 0}}, {"model": "classroom.classstudents", "pk": 4, "fields": {"classroom": 1, "student": "542e97be-5921-4123-a441-90c712e42513", "classesAttended": 0, "assignmentSubmitted": 0}}, {"model": "classroom.classstudents", "pk": 5, "fields": {"classroom": 1, "student": "e4acea7f-92e4-417f-90bf-4dd97286169c", "classesAttended": 0, "assignmentSubmitted": 0}}, {"model": "classroom.classstudents", "pk": 6, "fields": {"classroom": 1, "student": "63e25532-09ce-4a6a-86d2-4bccb2249eb5", "classesAttended": 0, "assignmentSubmitted": 0}}, {"model": "classroom.classstudents", "pk": 7, "fields": {"classroom": 2, "student": "e4acea7f-92e4-417f-90bf-4dd97286169c", "classesAttended": 0, "assignmentSubmitted": 0}}, {"model": "classroom.classstudents", "pk": 8, "fields": {"classroom": 2, "student": "63e25532-09ce-4a6a-86d2-4bccb2249eb5", "classesAttended": 0, "assignmentSubmitted": 0}}, {"model": "classroom.classstudents", "pk": 9, "fields": {"classroom": 1, "student": "e12e317b-0a46-4b19-9d7a-c2548852bec2", "classesAttended": 0, "assignmentSubmitted": 0}}, {"model": "classroom.classstudents", "pk": 10, "fields": {"classroom": 2, "student": "e12e317b-0a46-4b19-9d7a-c2548852bec2", "classesAttended": 0, "assignmentSubmitted": 0}}, {"model": "classroom.classstudents", "pk": 11, "fields": {"classroom": 8, "student": "e12e317b-0a46-4b19-9d7a-c2548852bec2", "classesAttended": 0, "assignmentSubmitted": 0}}, {"model": "classroom.classstudents", "pk": 13, "fields": {"classroom": 8, "student": "e4acea7f-92e4-417f-90bf-4dd97286169c", "classesAttended": 0, "assignmentSubmitted": 0}}, {"model": "classroom.classteachers", "pk": 1, "fields": {"classroom": 1, "teacher": "aec74eb1-a48f-4ed1-86b0-d540c8074695"}}, {"model": "classroom.classteachers", "pk": 2, "fields": {"classroom": 1, "teacher": "e547b510-a3cc-47ef-ac89-759944c491d7"}}, {"model": "classroom.classteachers", "pk": 3, "fields": {"classroom": 2, "teacher": "aec74eb1-a48f-4ed1-86b0-d540c8074695"}}, {"model": "classroom.classteachers", "pk": 4, "fields": {"classroom": 8, "teacher": "e547b510-a3cc-47ef-ac89-759944c491d7"}}, {"model": "classroom.classstream", "pk": 1, "fields": {"classroom": 1, "message": "Hello all welcome to this class", "time": "2022-04-17T12:05:12.770Z", "user": 4}}, {"model": "classroom.classstream", "pk": 2, "fields": {"classroom": 1, "message": "Good morning, No Lecture Today.", "time": "2022-04-17T12:05:41.511Z", "user": 5}}, {"model": "classroom.classstream", "pk": 3, "fields": {"classroom": 1, "message": "This the a new message", "time": "2022-04-17T12:20:43.412Z", "user": 6}}, {"model": "classroom.classstream", "pk": 5, "fields": {"classroom": 1, "message": "Hello All", "time": "2022-04-20T06:56:01.506Z", "user": 10}}, {"model": "classroom.streamcomment", "pk": 1, "fields": {"stream": 1, "reply": "Hello sir", "user": 6, "time": "2022-04-17T12:06:33.896Z"}}, {"model": "classroom.streamcomment", "pk": 2, "fields": {"stream": 1, "reply": "Hello all", "user": 7, "time": "2022-04-17T12:06:47.049Z"}}, {"model": "classroom.streamcomment", "pk": 3, "fields": {"stream": 2, "reply": "Ok, noted", "user": 3, "time": "2022-04-17T12:07:01.246Z"}}, {"model": "classroom.streamcomment", "pk": 4, "fields": {"stream": 3, "reply": "test comment", "user": 10, "time": "2022-04-20T06:59:05.770Z"}}, {"model": "classroom.assignment", "pk": 1, "fields": {"classroom": 1, "title": "Assignment 1", "marks": null, "deadline": null}}, {"model": "classroom.assignment", "pk": 2, "fields": {"classroom": 1, "title": "Assignment 2", "marks": 25, "deadline": "2022-04-30T00:00:00Z"}}, {"model": "classroom.studentwork", "pk": 1, "fields": {"assignment": 1, "student": "eb02c402-e918-4f09-bf10-94bfb2e01cc5", "work": "Class 1/Assignment 1/bg1.jpg", "uploaded_at": "2022-04-17T11:51:42.067Z"}}]